<?xml version="1.0" encoding="UTF-8"?>
<GenRun Id="impl_1" LaunchPart="xc7z010clg400-2" LaunchTime="1670052836">
  <File Type="ROUTE-PWR" Name="BHT2_power_routed.rpt"/>
  <File Type="PA-TCL" Name="BHT2.tcl"/>
  <File Type="BITSTR-BMM" Name="BHT2_bd.bmm"/>
  <File Type="ROUTE-PWR-SUM" Name="BHT2_power_summary_routed.pb"/>
  <File Type="REPORTS-TCL" Name="BHT2_reports.tcl"/>
  <File Type="OPT-DCP" Name="BHT2_opt.dcp"/>
  <File Type="OPT-DRC" Name="BHT2_drc_opted.rpt"/>
  <File Type="OPT-HWDEF" Name="BHT2.hwdef"/>
  <File Type="PWROPT-DCP" Name="BHT2_pwropt.dcp"/>
  <File Type="PLACE-DCP" Name="BHT2_placed.dcp"/>
  <File Type="PLACE-IO" Name="BHT2_io_placed.rpt"/>
  <File Type="PLACE-UTIL" Name="BHT2_utilization_placed.rpt"/>
  <File Type="PLACE-UTIL-PB" Name="BHT2_utilization_placed.pb"/>
  <File Type="PLACE-CTRL" Name="BHT2_control_sets_placed.rpt"/>
  <File Type="PLACE-PRE-SIMILARITY" Name="BHT2_incremental_reuse_pre_placed.rpt"/>
  <File Type="BG-BGN" Name="BHT2.bgn"/>
  <File Type="POSTPLACE-PWROPT-DCP" Name="BHT2_postplace_pwropt.dcp"/>
  <File Type="BG-BIN" Name="BHT2.bin"/>
  <File Type="PHYSOPT-DCP" Name="BHT2_physopt.dcp"/>
  <File Type="BITSTR-MSK" Name="BHT2.msk"/>
  <File Type="ROUTE-ERROR-DCP" Name="BHT2_routed_error.dcp"/>
  <File Type="ROUTE-DCP" Name="BHT2_routed.dcp"/>
  <File Type="ROUTE-BLACKBOX-DCP" Name="BHT2_routed_bb.dcp"/>
  <File Type="ROUTE-DRC" Name="BHT2_drc_routed.rpt"/>
  <File Type="ROUTE-DRC-PB" Name="BHT2_drc_routed.pb"/>
  <File Type="ROUTE-DRC-RPX" Name="BHT2_drc_routed.rpx"/>
  <File Type="BITSTR-LTX" Name="BHT2.ltx"/>
  <File Type="ROUTE-METHODOLOGY-DRC" Name="BHT2_methodology_drc_routed.rpt"/>
  <File Type="BITSTR-MMI" Name="BHT2.mmi"/>
  <File Type="ROUTE-METHODOLOGY-DRC-RPX" Name="BHT2_methodology_drc_routed.rpx"/>
  <File Type="ROUTE-METHODOLOGY-DRC-PB" Name="BHT2_methodology_drc_routed.pb"/>
  <File Type="BITSTR-SYSDEF" Name="BHT2.sysdef"/>
  <File Type="ROUTE-PWR-RPX" Name="BHT2_power_routed.rpx"/>
  <File Type="ROUTE-STATUS" Name="BHT2_route_status.rpt"/>
  <File Type="ROUTE-STATUS-PB" Name="BHT2_route_status.pb"/>
  <File Type="ROUTE-TIMINGSUMMARY" Name="BHT2_timing_summary_routed.rpt"/>
  <File Type="ROUTE-TIMING-PB" Name="BHT2_timing_summary_routed.pb"/>
  <File Type="ROUTE-TIMING-RPX" Name="BHT2_timing_summary_routed.rpx"/>
  <File Type="ROUTE-CLK" Name="BHT2_clock_utilization_routed.rpt"/>
  <File Type="ROUTE-BUS-SKEW" Name="BHT2_bus_skew_routed.rpt"/>
  <File Type="ROUTE-BUS-SKEW-PB" Name="BHT2_bus_skew_routed.pb"/>
  <File Type="ROUTE-BUS-SKEW-RPX" Name="BHT2_bus_skew_routed.rpx"/>
  <File Type="POSTROUTE-PHYSOPT-DCP" Name="BHT2_postroute_physopt.dcp"/>
  <File Type="POSTROUTE-PHYSOPT-BLACKBOX-DCP" Name="BHT2_postroute_physopt_bb.dcp"/>
  <File Type="BG-BIT" Name="BHT2.bit"/>
  <File Type="BITSTR-RBT" Name="BHT2.rbt"/>
  <File Type="BITSTR-NKY" Name="BHT2.nky"/>
  <File Type="BG-DRC" Name="BHT2.drc"/>
  <File Type="RDI-RDI" Name="BHT2.vdi"/>
  <File Type="WBT-USG" Name="usage_statistics_webtalk.html"/>
  <FileSet Name="sources" Type="DesignSrcs" RelSrcDir="$PSRCDIR/sources_1">
    <Filter Type="Srcs"/>
    <File Path="$PSRCDIR/sources_1/new/BHT2.vhd">
      <FileInfo>
        <Attr Name="ImportPath" Val="$PPRDIR/../../BHT2/BHT2.srcs/sources_1/new/BHT2.vhd"/>
        <Attr Name="ImportTime" Val="1670052825"/>
        <Attr Name="UsedIn" Val="synthesis"/>
        <Attr Name="UsedIn" Val="simulation"/>
      </FileInfo>
    </File>
    <Config>
      <Option Name="DesignMode" Val="RTL"/>
      <Option Name="TopModule" Val="BHT2"/>
      <Option Name="TopAutoSet" Val="TRUE"/>
    </Config>
  </FileSet>
  <FileSet Name="constrs_in" Type="Constrs" RelSrcDir="$PSRCDIR/constrs_1">
    <Filter Type="Constrs"/>
    <File Path="$PSRCDIR/constrs_1/new/BHT2.xdc">
      <FileInfo>
        <Attr Name="ImportPath" Val="$PPRDIR/../../BHT2/BHT2.srcs/constrs_1/new/BHT2.xdc"/>
        <Attr Name="ImportTime" Val="1670050112"/>
        <Attr Name="UsedIn" Val="synthesis"/>
        <Attr Name="UsedIn" Val="implementation"/>
      </FileInfo>
    </File>
    <Config>
      <Option Name="TargetConstrsFile" Val="$PSRCDIR/constrs_1/new/BHT2.xdc"/>
      <Option Name="ConstrsType" Val="XDC"/>
    </Config>
  </FileSet>
  <FileSet Name="utils" Type="Utils" RelSrcDir="$PSRCDIR/utils_1">
    <Filter Type="Utils"/>
    <Config>
      <Option Name="TopAutoSet" Val="TRUE"/>
    </Config>
  </FileSet>
  <Strategy Version="1" Minor="2">
    <StratHandle Name="Vivado Implementation Defaults" Flow="Vivado Implementation 2019"/>
    <Step Id="init_design"/>
    <Step Id="opt_design"/>
    <Step Id="power_opt_design"/>
    <Step Id="place_design"/>
    <Step Id="post_place_power_opt_design"/>
    <Step Id="phys_opt_design"/>
    <Step Id="route_design"/>
    <Step Id="post_route_phys_opt_design"/>
    <Step Id="write_bitstream"/>
  </Strategy>
</GenRun>
