<?xml version="1.0" encoding="UTF-8"?>
<GenRun Id="synth_1" LaunchPart="xc7z010clg400-2" LaunchTime="1670052836">
  <File Type="PA-TCL" Name="BHT2.tcl"/>
  <File Type="REPORTS-TCL" Name="BHT2_reports.tcl"/>
  <File Type="RDS-RDS" Name="BHT2.vds"/>
  <File Type="RDS-UTIL" Name="BHT2_utilization_synth.rpt"/>
  <File Type="RDS-UTIL-PB" Name="BHT2_utilization_synth.pb"/>
  <File Type="RDS-DCP" Name="BHT2.dcp"/>
  <FileSet Name="sources" Type="DesignSrcs" RelSrcDir="$PSRCDIR/sources_1">
    <Filter Type="Srcs"/>
    <File Path="$PSRCDIR/sources_1/new/BHT2.vhd">
      <FileInfo>
        <Attr Name="ImportPath" Val="$PPRDIR/../../BHT2/BHT2.srcs/sources_1/new/BHT2.vhd"/>
        <Attr Name="ImportTime" Val="1670052825"/>
        <Attr Name="UsedIn" Val="synthesis"/>
        <Attr Name="UsedIn" Val="simulation"/>
      </FileInfo>
    </File>
    <Config>
      <Option Name="DesignMode" Val="RTL"/>
      <Option Name="TopModule" Val="BHT2"/>
      <Option Name="TopAutoSet" Val="TRUE"/>
    </Config>
  </FileSet>
  <FileSet Name="constrs_in" Type="Constrs" RelSrcDir="$PSRCDIR/constrs_1">
    <Filter Type="Constrs"/>
    <File Path="$PSRCDIR/constrs_1/new/BHT2.xdc">
      <FileInfo>
        <Attr Name="ImportPath" Val="$PPRDIR/../../BHT2/BHT2.srcs/constrs_1/new/BHT2.xdc"/>
        <Attr Name="ImportTime" Val="1670050112"/>
        <Attr Name="UsedIn" Val="synthesis"/>
        <Attr Name="UsedIn" Val="implementation"/>
      </FileInfo>
    </File>
    <Config>
      <Option Name="TargetConstrsFile" Val="$PSRCDIR/constrs_1/new/BHT2.xdc"/>
      <Option Name="ConstrsType" Val="XDC"/>
    </Config>
  </FileSet>
  <FileSet Name="utils" Type="Utils" RelSrcDir="$PSRCDIR/utils_1">
    <Filter Type="Utils"/>
    <Config>
      <Option Name="TopAutoSet" Val="TRUE"/>
    </Config>
  </FileSet>
  <Strategy Version="1" Minor="2">
    <StratHandle Name="Vivado Synthesis Defaults" Flow="Vivado Synthesis 2019"/>
    <Step Id="synth_design"/>
  </Strategy>
</GenRun>
